{
  "method": "vllm bench serve random 2048 input / 512 output / ignore_eos; three reps, first dropped",
  "rows": [
    {
      "concurrency": 1,
      "repetitions": 3,
      "warmup_rep_dropped": 1,
      "request_throughput_rps": 0.17746053039121915,
      "output_throughput_tok_s": 90.8597915603042,
      "total_throughput_tok_s": 456.14011080432994,
      "mean_ttft_ms": 346.72940449308953,
      "p50_ttft_ms": 346.63096148869954,
      "p99_ttft_ms": 355.1322878387873,
      "mean_tpot_ms": 10.350325867539265,
      "p99_tpot_ms": 10.84141421825953,
      "mean_itl_ms": 26.170544108014166,
      "p99_itl_ms": 30.54619789705612,
      "mean_e2el_ms": 5635.745922805654,
      "p99_e2el_ms": 5887.878933456668,
      "completed": 16,
      "failed": 0
    },
    {
      "concurrency": 2,
      "repetitions": 3,
      "warmup_rep_dropped": 1,
      "request_throughput_rps": 0.26309727932240334,
      "output_throughput_tok_s": 134.7058070130705,
      "total_throughput_tok_s": 676.2586693383225,
      "mean_ttft_ms": 495.5313633727201,
      "p50_ttft_ms": 492.9965527553577,
      "p99_ttft_ms": 665.7318273044075,
      "mean_tpot_ms": 13.700471598234774,
      "p99_tpot_ms": 14.803293732041858,
      "mean_itl_ms": 35.14861056506879,
      "p99_itl_ms": 39.41319968085736,
      "mean_e2el_ms": 7496.47235007069,
      "p99_e2el_ms": 8175.279335955856,
      "completed": 16,
      "failed": 0
    },
    {
      "concurrency": 4,
      "repetitions": 3,
      "warmup_rep_dropped": 1,
      "request_throughput_rps": 0.37739009404562984,
      "output_throughput_tok_s": 193.22372815136248,
      "total_throughput_tok_s": 970.0340629825357,
      "mean_ttft_ms": 786.3036622366053,
      "p50_ttft_ms": 769.0947327500908,
      "p99_ttft_ms": 1165.4565531006665,
      "mean_tpot_ms": 18.9298314249263,
      "p99_tpot_ms": 21.12289144770436,
      "mean_itl_ms": 48.37973701924568,
      "p99_itl_ms": 55.54310819716184,
      "mean_e2el_ms": 10459.447520373942,
      "p99_e2el_ms": 11954.822924901964,
      "completed": 16,
      "failed": 0
    },
    {
      "concurrency": 8,
      "repetitions": 3,
      "warmup_rep_dropped": 1,
      "request_throughput_rps": 0.5592033261157645,
      "output_throughput_tok_s": 286.31210297127143,
      "total_throughput_tok_s": 1437.3971995726906,
      "mean_ttft_ms": 1348.369107759936,
      "p50_ttft_ms": 1187.631516775582,
      "p99_ttft_ms": 2216.927359433612,
      "mean_tpot_ms": 24.297936840314257,
      "p99_tpot_ms": 30.651393201447746,
      "mean_itl_ms": 60.303251069502465,
      "p99_itl_ms": 324.98660016426624,
      "mean_e2el_ms": 13764.614833160522,
      "p99_e2el_ms": 17194.293259728875,
      "completed": 32,
      "failed": 0
    },
    {
      "concurrency": 16,
      "repetitions": 3,
      "warmup_rep_dropped": 1,
      "request_throughput_rps": 0.7294418825160873,
      "output_throughput_tok_s": 373.4742438482367,
      "total_throughput_tok_s": 1875.0303590076026,
      "mean_ttft_ms": 2842.8668998158173,
      "p50_ttft_ms": 2408.7907957436983,
      "p99_ttft_ms": 5026.672231851553,
      "mean_tpot_ms": 36.31560552075861,
      "p99_tpot_ms": 42.52198322832349,
      "mean_itl_ms": 91.44918839338321,
      "p99_itl_ms": 378.34829731233185,
      "mean_e2el_ms": 21400.141320923467,
      "p99_e2el_ms": 26440.56796542718,
      "completed": 64,
      "failed": 0
    },
    {
      "concurrency": 32,
      "repetitions": 3,
      "warmup_rep_dropped": 1,
      "request_throughput_rps": 0.9056151840207622,
      "output_throughput_tok_s": 463.67497421863027,
      "total_throughput_tok_s": 2327.770628627367,
      "mean_ttft_ms": 4751.618587320081,
      "p50_ttft_ms": 2521.5824632323347,
      "p99_ttft_ms": 8992.032328763744,
      "mean_tpot_ms": 57.755258138488536,
      "p99_tpot_ms": 70.50374629927356,
      "mean_itl_ms": 145.8442267478785,
      "p99_itl_ms": 617.0374060660833,
      "mean_e2el_ms": 34264.55549608772,
      "p99_e2el_ms": 44573.9146928169,
      "completed": 128,
      "failed": 0
    }
  ]
}
