{
  "version": "0.4.0",
  "timestamp": "2026-07-11 10:57:28Z",
  "latency_mode": "api",
  "latency_ms": 2.1499586679662266,
  "model": "Qwen3.6-35B-A3B-NVFP4",
  "prefix_caching_enabled": false,
  "max_concurrency": 1,
  "benchmarks": [
    {
      "concurrency": 1,
      "context_size": 0,
      "prompt_size": 2048,
      "response_size": 128,
      "is_context_prefill_phase": false,
      "pp_throughput": {
        "mean": 5649.7396152737665,
        "std": 128.19865126463804,
        "values": [
          5590.150628257884,
          5827.821686646222,
          5531.246530917195
        ]
      },
      "pp_req_throughput": {
        "mean": 5649.7396152737665,
        "std": 128.19865126463804,
        "values": [
          5590.150628257884,
          5827.821686646222,
          5531.246530917195
        ]
      },
      "tg_throughput": {
        "mean": 90.66785211965684,
        "std": 1.5310972102903,
        "values": [
          90.56041193400642,
          88.84867860741028,
          92.59446581755378
        ]
      },
      "tg_req_throughput": {
        "mean": 90.66785211965684,
        "std": 1.5310972102903,
        "values": [
          90.56041193400642,
          88.84867860741028,
          92.59446581755378
        ]
      },
      "peak_throughput": {
        "mean": 90.0,
        "std": 2.160246899469287,
        "values": [
          87.0,
          91.0,
          92.0
        ]
      },
      "peak_req_throughput": {
        "mean": 90.0,
        "std": 2.160246899469287,
        "values": [
          87.0,
          91.0,
          92.0
        ]
      },
      "ttfr": {
        "mean": 365.0661500287242,
        "std": 8.181003588480408,
        "values": [
          368.68748802226037,
          353.73930202331394,
          372.77166004059836
        ]
      },
      "est_ppt": {
        "mean": 362.916191360758,
        "std": 8.181003588480408,
        "values": [
          366.5375293542941,
          351.5893433553477,
          370.6217013726321
        ]
      },
      "e2e_ttft": {
        "mean": 365.0661500287242,
        "std": 8.181003588480408,
        "values": [
          368.68748802226037,
          353.73930202331394,
          372.77166004059836
        ]
      },
      "throughput_over_time": null,
      "requests_throughput_over_time": null
    },
    {
      "concurrency": 1,
      "context_size": 4096,
      "prompt_size": 2048,
      "response_size": 128,
      "is_context_prefill_phase": false,
      "pp_throughput": {
        "mean": 7089.0541001763895,
        "std": 61.43238651968491,
        "values": [
          7002.223747493442,
          7134.97418369621,
          7129.964369339516
        ]
      },
      "pp_req_throughput": {
        "mean": 7089.0541001763895,
        "std": 61.43238651968491,
        "values": [
          7002.223747493442,
          7134.97418369621,
          7129.964369339516
        ]
      },
      "tg_throughput": {
        "mean": 89.69574792056353,
        "std": 4.284121158878966,
        "values": [
          89.57223927816908,
          95.00336731507062,
          84.51163716845093
        ]
      },
      "tg_req_throughput": {
        "mean": 89.69574792056353,
        "std": 4.284121158878966,
        "values": [
          89.57223927816908,
          95.00336731507062,
          84.51163716845093
        ]
      },
      "peak_throughput": {
        "mean": 90.66666666666667,
        "std": 2.6246692913372702,
        "values": [
          92.0,
          93.0,
          87.0
        ]
      },
      "peak_req_throughput": {
        "mean": 90.66666666666667,
        "std": 2.6246692913372702,
        "values": [
          92.0,
          93.0,
          87.0
        ]
      },
      "ttfr": {
        "mean": 869.0447863385392,
        "std": 7.558433454124668,
        "values": [
          879.7283140011132,
          863.4004470077343,
          864.00559800677
        ]
      },
      "est_ppt": {
        "mean": 866.8948276705729,
        "std": 7.5584334541246685,
        "values": [
          877.578355333147,
          861.2504883397681,
          861.8556393388038
        ]
      },
      "e2e_ttft": {
        "mean": 869.0447863385392,
        "std": 7.558433454124668,
        "values": [
          879.7283140011132,
          863.4004470077343,
          864.00559800677
        ]
      },
      "throughput_over_time": null,
      "requests_throughput_over_time": null
    },
    {
      "concurrency": 1,
      "context_size": 8192,
      "prompt_size": 2048,
      "response_size": 128,
      "is_context_prefill_phase": false,
      "pp_throughput": {
        "mean": 6964.8797833199105,
        "std": 50.88460409666886,
        "values": [
          6931.084486048804,
          7036.798090011146,
          6926.756773899783
        ]
      },
      "pp_req_throughput": {
        "mean": 6964.8797833199105,
        "std": 50.88460409666886,
        "values": [
          6931.084486048804,
          7036.798090011146,
          6926.756773899783
        ]
      },
      "tg_throughput": {
        "mean": 90.72448428012301,
        "std": 2.2520077785865267,
        "values": [
          93.00305580025797,
          91.51221497637954,
          87.65818206373146
        ]
      },
      "tg_req_throughput": {
        "mean": 90.72448428012301,
        "std": 2.2520077785865267,
        "values": [
          93.00305580025797,
          91.51221497637954,
          87.65818206373146
        ]
      },
      "peak_throughput": {
        "mean": 97.66666666666667,
        "std": 1.8856180831641267,
        "values": [
          99.0,
          99.0,
          95.0
        ]
      },
      "peak_req_throughput": {
        "mean": 97.66666666666667,
        "std": 1.8856180831641267,
        "values": [
          99.0,
          99.0,
          95.0
        ]
      },
      "ttfr": {
        "mean": 1472.6533046535526,
        "std": 10.724304524295428,
        "values": [
          1479.6965129789896,
          1457.4993759742938,
          1480.7640250073746
        ]
      },
      "est_ppt": {
        "mean": 1470.5033459855865,
        "std": 10.724304524295428,
        "values": [
          1477.5465543110233,
          1455.3494173063275,
          1478.6140663394083
        ]
      },
      "e2e_ttft": {
        "mean": 1472.6533046535526,
        "std": 10.724304524295428,
        "values": [
          1479.6965129789896,
          1457.4993759742938,
          1480.7640250073746
        ]
      },
      "throughput_over_time": null,
      "requests_throughput_over_time": null
    },
    {
      "concurrency": 1,
      "context_size": 16384,
      "prompt_size": 2048,
      "response_size": 128,
      "is_context_prefill_phase": false,
      "pp_throughput": {
        "mean": 6233.549430751297,
        "std": 66.30228838660845,
        "values": [
          6261.058885850075,
          6142.16473103859,
          6297.424675365229
        ]
      },
      "pp_req_throughput": {
        "mean": 6233.549430751297,
        "std": 66.30228838660845,
        "values": [
          6261.058885850075,
          6142.16473103859,
          6297.424675365229
        ]
      },
      "tg_throughput": {
        "mean": 85.67868941087981,
        "std": 2.0839119864784785,
        "values": [
          87.9360022429225,
          86.19089796029729,
          82.90916802941963
        ]
      },
      "tg_req_throughput": {
        "mean": 85.67868941087981,
        "std": 2.0839119864784785,
        "values": [
          87.9360022429225,
          86.19089796029729,
          82.90916802941963
        ]
      },
      "peak_throughput": {
        "mean": 102.66666666666667,
        "std": 4.714045207910316,
        "values": [
          106.0,
          106.0,
          96.0
        ]
      },
      "peak_req_throughput": {
        "mean": 102.66666666666667,
        "std": 4.714045207910316,